Wavelength (nm),Absorbance
350.8275,0.1333
355.2407,0.1551
358.5507,0.1959
361.3089,0.2313
364.0672,0.2776
366.8255,0.3293
369.0321,0.3891
370.6871,0.4354
373.4453,0.4925
375.1003,0.5633
377.3069,0.6259
378.9619,0.6803
381.7202,0.732
382.8235,0.7837
384.4784,0.8245
386.6851,0.8707
388.8917,0.898
391.0983,0.9279
394.4082,0.9333
396.6148,0.9252
399.3731,0.9007
401.5797,0.8735
404.8897,0.8218
410.9579,0.6939
414.8195,0.6068
419.2327,0.4871
421.4393,0.4327
424.1976,0.381
425.3009,0.3483
426.9559,0.3211
429.1625,0.2721
431.3691,0.2449
434.1274,0.2068
436.8857,0.1769
439.6439,0.1578
442.9539,0.1361
449.0221,0.1143
456.1936,0.1007
462.8134,0.0871
469.985,0.0707
477.1565,0.0571
483.2247,0.049
490.3962,0.0408
500.326,0.0381
509.1525,0.0408
522.3922,0.0435
531.2187,0.049
537.2869,0.0517
543.3551,0.0544
552.7332,0.0544
559.9047,0.0626
564.8696,0.068
573.6961,0.0789
584.1775,0.098
591.9007,0.117
597.9689,0.1361
606.2437,0.1605
636.0331,0.2939
641.5496,0.3156
648.1695,0.3374
653.1344,0.3537
657.5476,0.3537
664.1675,0.3483
672.4423,0.3456
679.6138,0.351
688.992,0.3646
704.99,0.3891
711.6098,0.4
717.678,0.4082
724.2979,0.4054
731.4694,0.4
738.0893,0.3837
746.9157,0.3592
769.5336,0.283
781.1184,0.2422
792.1515,0.2095
803.7362,0.1823
812.5627,0.1578
822.4925,0.1388
831.319,0.1197
839.0421,0.1116
846.2136,0.098
855.5918,0.0898
865.5216,0.0844
875.4514,0.0762
886.4845,0.0735
898.6209,0.0735
